UserID,Password
1,*#6w$rKheM
2,VV59qU_d3(
3,$+Y1Moxn9X
4,NoSNYcwr+7
5,^(GVMiYb^6
6,39@2qYl^)^
7,_+r8Mzap@H
8,w3o)VOHU$2
9,R#7kSHyrw@
10,_!KkebDg^8
11,q$6WKgjk1S
12,!9AJ4pFOUj
13,I^I6G4FcY*
14,bYSimpVs^6
15,7z#uCqjL%g
16,288cn2Umn(
17,MBZgq2kE#2
18,5$2RFBlChm
19,f1)9JvqK#4
20,^23Uet*ZO#
21,@tF2LScS)c
22,!p2bJn8z1w
23,^72uOlAl)&
24,@1Gy@kRYsa
25,9TSaFEVm&y
26,#8QQMUyp31
27,(5$_I#DpZ)
28,29)5gPzd^R
29,!rXzvfeZ7o
30,FT1Gg!y3y!
31,Kg8I_$rT+C
32,lk4UGP9o+^
33,6829gxWdz#
34,#8yMg!XS90
35,SW18VN@y)U
36,2Lzc6MA_!t
37,%joFBN4yU7
38,qnIJCZla$9
39,Is0P2g5q*s
40,@9aoTk5!sS
41,(F+5Ts*F$&
42,pM)5B$+ns2
43,jW!im3HmYr
44,b6IA4eBA_m
45,%47*xsYeN7
46,%QI7Vc&@+u
47,%bZyUrY8M2
48,Tr&GMZZ+^2
49,+3!b4Bdv3P
50,$e8DaDwlY+
51,u($u4Sy4@p
52,rGm5Lld%*2
53,D4Y3R&j$$!
54,@4NsND7g#S
55,#U*C#Xtc^4
56,*agWJpOJ%0
57,2WIXdKfG_i
58,&92OvYa98H
59,)DhyRHGpv4
60,MgHXf!YP)6
61,Ui^Fs4YtL$
62,!F$Bj6SftS
63,9e$D9AAG*N
64,S$#2SrvhPQ
65,OU8(61KjN+
66,ywyQA0An@)
67,8z1iHEtbX*
68,D^4@aMKd_j
69,)Tn)PUFo5Q
70,B+n%8SHnt9
71,+SWz#upw(8
72,6G&54E9ekV
73,%3PnhSAmrq
74,(7tA4Tu!ke
75,(RTjX)p08Q
76,)2)HEvv+6K
77,9)$8Cy2aNE
78,MU4^_&@iz^
79,c9RA1zTx)5
80,nM%G6eBkdh
81,$@3T#b9mVP
82,AbOb7Bib0@
83,088M%6NkC^
84,bk7MX_Jx(8
85,0^l05DIM8i
86,*)W!skA)37
87,&D(VVWt(1r
88,&h1oOzZhK@
89,((!PJbe6X0
90,f!O*9LErg5
91,+t2N+eXJ&p
92,!j3T0JJiRP
93,Fi5VM$iq$(
94,8cU4PggM$)
95,v$GJ0HJz0H
96,T^9+SKYa@3
97,61PYuTiH&)
98,Yr69jShz6*
99,i5Q80LhiU&
100,6GMeBgWr$Y
