ISBN,Title,Edition,AuthorID,PublisherID,LanguageID,CategoryID,SectionID
978-1-948995-77-1,College until which.,7,16,62,36,91,41
978-1-929627-06-6,Everyone drop product.,3,5,58,66,13,44
978-0-06-010700-0,Call exactly.,2,8,32,62,3,54
978-1-315-04113-1,Center result thus.,9,65,100,53,41,16
978-0-7531-4373-5,Expect future daughter.,7,50,82,25,42,3
978-1-4734-1108-1,Crime these student maybe.,2,17,75,9,51,37
978-0-915920-91-4,Find board cold.,10,82,31,22,61,80
978-1-09-740429-2,Animal involve often almost.,4,92,88,38,24,42
978-0-04-833254-7,West after yes.,2,86,76,58,91,26
978-1-62645-902-1,Value into according.,6,37,7,67,42,99
978-0-496-56494-1,Still all make.,10,90,90,85,82,25
978-0-213-73453-4,Evening research interesting fight.,7,53,20,82,37,58
978-1-09-641882-5,Guess matter ago record sister.,7,13,2,23,85,61
978-1-5293-8531-1,Everybody take activity.,10,13,79,37,15,16
978-0-522-89795-1,Clear term citizen simple cultural.,8,23,36,95,37,100
978-0-18-844485-8,Argue think laugh.,3,33,67,81,24,50
978-1-166-59493-0,Yes it store.,8,68,16,70,16,85
978-0-406-67524-8,Body nation myself receive miss.,7,60,12,49,62,13
978-1-151-87075-9,Heart green here pay.,6,3,86,68,92,15
978-0-7398-6689-4,Site the defense none.,8,16,19,22,2,25
978-1-78210-586-2,Once often attention.,1,73,4,48,7,51
978-1-56359-361-1,Happen conference moment.,1,6,39,71,68,89
978-0-934607-99-5,Fight develop positive.,10,85,51,29,58,57
978-1-62911-926-7,Attack also.,6,27,63,80,12,43
978-0-512-73933-9,Off sort of pattern.,3,80,51,53,76,63
978-1-78484-309-0,Sport break.,2,63,17,30,55,37
978-0-604-44531-5,Experience company.,4,12,4,87,7,81
978-1-85092-862-1,Add expert economic draw economy.,1,87,47,94,67,33
978-0-204-96468-1,Factor movement sister late forward.,6,67,33,13,43,74
978-1-887702-22-5,Serve share early number material.,9,31,50,21,82,62
978-0-562-17056-4,Dinner evidence process despite prove.,5,74,17,72,67,92
978-1-56574-273-4,Middle piece list civil manager.,10,20,22,28,78,28
978-0-254-57885-2,Congress seem none surface.,3,40,67,4,96,83
978-0-18-974689-0,Stand half.,2,11,80,75,26,81
978-1-4112-1739-3,Must lawyer training your.,6,29,82,23,98,60
978-1-364-91509-4,Now throw cause author.,1,66,39,64,68,99
978-1-67516-705-2,Size market law.,2,77,51,7,21,34
978-1-953532-90-9,Player in kitchen site.,4,72,15,32,52,62
978-1-962238-67-0,Purpose affect.,1,62,21,100,86,74
978-1-4090-0543-8,Cold something front box.,4,15,68,26,12,37
978-1-81073-008-0,Police able.,10,30,21,32,87,13
978-1-9777-0989-9,Their until onto.,8,65,44,7,39,51
978-1-392-34826-0,When expect music.,7,26,13,47,80,18
978-0-9790463-0-8,Its yourself himself your budget.,7,95,27,63,39,4
978-1-324-05445-0,Avoid a set push sign.,1,11,95,3,83,33
978-1-71991-146-7,Television toward third listen.,10,79,75,36,10,17
978-1-295-85967-2,Particularly billion nation.,6,17,73,55,61,68
978-0-9544799-8-5,Woman strong can fire.,6,2,96,14,96,33
978-0-373-42880-9,Heavy tend interest nice.,1,37,35,72,41,85
978-0-89919-151-5,Rise show reveal.,2,14,9,44,87,93
978-0-242-36922-6,Gun believe.,5,59,84,10,8,78
978-1-01-112606-4,Experience arrive market.,3,95,85,9,92,16
978-0-9625855-5-5,Away investment style.,8,56,53,87,67,45
978-1-64252-982-1,Trial over page.,8,2,68,4,97,17
978-1-131-09092-4,Simply collection late rule.,6,75,26,40,74,16
978-1-947584-59-4,Back back public.,10,22,23,73,64,16
978-1-355-46711-3,Deep party sound.,10,14,89,60,40,37
978-0-696-06987-1,East and will.,6,12,27,68,13,8
978-0-928866-80-3,Sense show hotel.,7,30,77,10,32,37
978-0-596-30209-2,Believe tree blue throw.,4,80,21,1,64,54
978-0-275-17832-1,Grow place admit yeah.,9,4,49,65,37,86
978-0-7962-0544-5,Truth tell at under.,10,40,91,78,19,64
978-1-4558-1418-3,Near deep big author.,8,57,16,73,9,71
978-0-349-20828-2,Type million federal smile beautiful.,2,7,90,83,99,65
978-1-75595-529-6,Building nearly generation form.,4,27,78,72,61,56
978-1-110-19561-9,Girl analysis.,6,62,17,44,75,99
978-1-102-16673-3,Father key attack chance project.,10,63,82,64,58,29
978-1-4797-8746-3,Individual piece while.,8,78,79,83,35,81
978-1-153-16381-1,Put yes nearly billion.,4,26,21,97,82,25
978-0-539-51126-0,Road matter reveal.,5,53,75,57,89,11
978-0-917020-66-7,Style hot bed need.,6,16,57,75,30,43
978-0-15-913974-5,Want response hit.,2,28,54,60,53,7
978-0-301-48693-2,Defense successful oil.,6,12,42,77,62,39
978-0-86102-088-1,Chance son theory.,4,43,55,12,22,97
978-0-9598399-5-1,Student card voice training.,10,31,7,54,33,28
978-0-341-50306-4,Action low policy hot.,5,12,3,72,12,50
978-0-374-27560-0,Continue pay economic positive real.,5,11,81,60,8,42
978-0-13-305749-2,Free project because loss.,4,61,20,69,50,36
978-1-131-28715-7,Stop leave star spend.,1,44,72,81,75,20
978-1-5126-6836-0,Expect computer huge dream.,8,54,23,5,81,10
978-0-14-367355-2,Population black PM figure.,9,97,7,64,20,21
978-0-7156-0024-5,Room impact city.,6,87,23,64,70,10
978-0-492-06303-5,Though themselves.,7,5,83,77,4,20
978-0-415-05108-8,Us short one little.,7,3,23,86,26,61
978-1-75433-169-5,Order catch produce.,2,49,1,24,34,56
978-0-630-52112-0,Model recognize.,10,94,19,24,30,95
978-0-7536-5878-9,Seek every.,1,70,3,41,60,54
978-0-9587295-1-2,Hair measure.,9,2,24,13,71,75
978-1-65206-833-4,See nor.,7,15,59,30,73,67
978-0-366-07584-3,Yeah on leave yard.,5,2,91,31,100,40
978-0-674-79006-3,Treat themselves ten.,9,57,85,21,58,89
978-1-01-019663-1,Policy goal car.,9,38,61,30,33,36
978-1-4545-8133-8,Article media.,10,10,10,82,51,58
978-1-69840-919-1,This possible everyone.,6,15,55,18,25,38
978-0-511-85078-3,Attack finish court fine.,10,72,95,67,80,71
978-0-636-60739-2,Else figure.,1,68,48,30,78,63
978-1-4525-0431-5,Range none time occur.,1,52,67,77,88,26
978-1-55501-111-6,Walk professor drop.,9,75,93,63,38,73
978-1-70560-385-7,More hold mean edge.,2,97,29,58,70,36
978-0-249-90515-1,Still number process.,8,38,36,30,40,35
