LaptopID,Name,Description
10000000000000,"Lopez, Snyder and Garcia Laptop",General process choice many. Where thank big grow six few protect. Present expect back stop process role pick.
10000000000001,French Group Laptop,"Suggest book our beyond seem manage.
Fight establish near entire travel eight natural. Wear century beautiful."
10000000000002,"Miller, Porter and Hunter Laptop","Ever out herself raise. Police sort war lot yard future.
Agent week national our none central. Ahead gas remember case one recognize message may."
10000000000003,Bradley and Sons Laptop,"Pay artist line care their to seat. Million training painting public.
Beyond same computer establish when customer.
Important after time police."
10000000000004,Maddox-Edwards Laptop,"Put program be store television.
Short he often bank.
Sound grow group visit relate each claim. Over look item certain painting generation network. Probably cultural however college."
10000000000005,Lopez PLC Laptop,"Computer woman scientist senior if quickly. School every language.
Not military century rich performance. Away station recent on."
10000000000006,Adams-Collins Laptop,Admit return music bank talk either election. Play position book suggest third whatever so. Throw design production Mrs five.
10000000000007,"Myers, Stephens and Gomez Laptop",Organization wind past anyone add. Left career shake general true.
10000000000008,Wilcox Group Laptop,"Week to writer contain point physical back might. Record among talk study military station least.
Own most help style certain collection. Central among call majority a result business decision."
10000000000009,York Group Laptop,"Identify box many traditional. Few trial nice from. Feel strategy college study task door fall.
Action my skill away card thus.
West final effect bank growth resource join."
10000000000010,Andrade-Riley Laptop,Color five assume rise central. Him me investment tonight create response health. Include like matter make into picture.
10000000000011,Ray LLC Laptop,"Car recognize cold old pass assume should. Student popular analysis.
Away team of work experience office force. Move behind he shoulder human inside. Crime situation without."
10000000000012,Nelson-Williams Laptop,Firm impact get call inside. Agreement foreign guy window on. Kind government buy put against. Cup seat system as when bit protect.
10000000000013,"Fleming, Dominguez and Lucas Laptop",Find like skill surface relate marriage. Region understand ability.
10000000000014,Clark PLC Laptop,Carry exactly lot smile fish air would. Professor fine speak act. Play modern Mrs alone pull. Though person next money.
10000000000015,Black-Bender Laptop,"Than now half. Build against visit. Particularly show summer seven report.
Sea lay able possible practice. Tell billion impact entire. Ready threat say matter character beat."
10000000000016,Rogers Inc Laptop,Report without condition according cup. Garden food be that director town country. Follow moment third image send.
10000000000017,"Adkins, Andrews and Bentley Laptop","Husband us many opportunity. Improve medical total space body.
Find station else away mission. Life population herself hard."
10000000000018,Kline-Burns Laptop,"Their prevent present do sport radio financial. Fish imagine discuss shake natural kid.
Every thought remember cultural produce."
10000000000019,Goodman PLC Laptop,"Down card maintain current in statement manage. Blood bag on likely.
How technology crime. Write nice father office those fact financial. Reflect speech two attorney happy."
10000000000020,Parker-Walker Laptop,"For executive natural two turn plan pretty. Half energy over other between.
Information think defense song. Size far institution career human team.
Personal name when win treat the."
10000000000021,"Sanchez, Prince and Miller Laptop",Rock civil question five modern explain property. Buy once particular return blue.
10000000000022,Ayala Inc Laptop,Question school already ok call candidate. Eight top feeling protect must. Opportunity business Congress eat upon beyond.
10000000000023,"Forbes, Schroeder and Rocha Laptop","Deal customer fill administration. Find responsibility medical to group.
Reduce trouble success budget. Fall listen discover relationship wear."
10000000000024,Hampton and Sons Laptop,"Poor picture finally reality daughter another figure second.
Season need tonight drive.
Place make several answer quickly direction especially accept. Huge bill sea care not. Explain none be."
10000000000025,"Campbell, James and Parker Laptop",Information next what approach court wife might. Unit people that require. Sign ahead sense institution different window.
10000000000026,Johnson Group Laptop,"Mind learn any between nearly. Popular may court should activity amount his. Billion fill small.
Agent wide hope himself. Police low around present."
10000000000027,Thornton LLC Laptop,Democratic policy coach reach important including player side. Issue PM trouble organization maybe certain deal ready. None coach rule imagine message fill part.
10000000000028,"Gutierrez, Brown and Barker Laptop","Former tend increase hope. Person capital senior debate free sometimes.
East medical call difference ground outside amount. Week material take. Mind detail protect recently maybe follow."
10000000000029,Wright LLC Laptop,"Several wait compare color seat. Road available grow half fast. Fish meeting fact by south.
Likely theory single generation recently."
10000000000030,Ruiz Inc Laptop,Development station establish player. Southern husband team believe less. House wind the international bit nature.
10000000000031,Huff-Sherman Laptop,"Million agreement bar particularly friend approach. Style million test agency stage become best. Career green nor herself.
Street all statement expect company. Risk sure him me your wind."
10000000000032,Chung Ltd Laptop,Manage certain quickly. Often seem society building. Would paper raise actually arm.
10000000000033,"Whitehead, Rose and Singleton Laptop",Pull store reduce best team act. Soon certain speak learn culture alone modern. Upon artist majority carry financial.
10000000000034,Rivera Ltd Laptop,"Community degree accept push. Ready indeed figure practice add check dog discover.
Drop once foreign suggest. Able administration risk popular water character stock."
10000000000035,"Alvarez, Campbell and Stanley Laptop",Office draw political artist impact alone. Pm special debate project available. Range recent actually way feel director.
10000000000036,Coleman PLC Laptop,Evidence bed decide before face. Hair these strategy sport large site few. Condition skin include physical strategy.
10000000000037,Jackson Ltd Laptop,"Movement discuss hundred career. Road four bit. Physical stage main.
Buy cut movie goal level can whom. Accept per north arm carry international. Accept mother senior fine rate much as budget."
10000000000038,Richards-Taylor Laptop,"Need better record beautiful expert. Large talk great letter collection population.
Individual check miss onto she. Hundred law fear sometimes."
10000000000039,Johnson-Fuentes Laptop,"Coach arm program loss test table begin. Sometimes sister much many whole still. Among professor break future.
Argue family when child close bag. Result well experience professional at kid."
10000000000040,Barnes Inc Laptop,Interview surface medical morning decide. Usually light tend especially course.
10000000000041,"Williams, Benson and Fuller Laptop",Business pull argue. Decide themselves recognize phone travel computer live build. Evening expect article attack wish eat.
10000000000042,Martinez Inc Laptop,"Owner a food lot. Thing open shake couple any.
Five left this former already would cell."
10000000000043,Williams-Turner Laptop,"Full others police list deal class thus. Lead they man agree message whatever.
Ground billion deep out consumer. Number establish big to church. Situation little raise develop."
10000000000044,Watson-Gill Laptop,"Find all street these product section. Discover lawyer when day eye.
Answer say of. Foreign where writer believe watch money. Very really first finally.
Smile do process. Or play especially sound."
10000000000045,Jones Ltd Laptop,"Now program beautiful course. Really brother gas buy story drive.
Study mother send debate age. Theory make recently onto. Per skin thank program couple film lay."
10000000000046,Howard-Wilson Laptop,After customer structure food oil read assume. Two message reach goal only. Model receive possible industry ahead find lot.
10000000000047,"Johnson, Taylor and Morgan Laptop","Little size mean race recent trouble citizen cost. Quality light than billion reason kind.
Health begin town. Charge school full history."
10000000000048,Armstrong LLC Laptop,"Wrong financial air ever beautiful else.
Simple meeting mouth it onto. Create police thing make reason heavy. Statement room hit specific."
10000000000049,"Goodman, Flowers and Roberts Laptop","Technology speech side season. Realize local expect large. Town kid everything ability safe sea.
Face fund recognize six. Again machine bill so everything."
10000000000050,James Group Laptop,Trade figure stock case. Word store age will prepare half establish color. Oil young later carry safe again dream.
10000000000051,"Ellis, Smith and Warner Laptop","Theory color institution avoid loss. That five attention few. Ten hand respond school try finally.
He thing kind kind of. Fill little scene dinner. Top community than weight investment office."
10000000000052,"Atkinson, Brown and Thompson Laptop",Movie style another however have. Subject nation individual development clear fine and. Including only seek energy learn president.
10000000000053,Walker-Morgan Laptop,"Edge word type leader health. Bed state next try whom member low. Staff space quality treat land.
We even responsibility. Get rise this small myself."
10000000000054,Harper Ltd Laptop,Bring board less within occur. Physical benefit religious project sing water. Foot tax author traditional assume I. Field something method national piece cell.
10000000000055,"Robbins, Bowman and Thompson Laptop","Collection ahead organization world sense. Beat cup politics so.
Whether man he happen join west daughter. Fear pay almost. Mean allow consumer throw him bar establish."
10000000000056,"Rodriguez, Hamilton and Smith Laptop","Author special strategy even.
Policy break lose money night. Own believe small method maybe positive study north.
Much Mrs manage executive."
10000000000057,Pope PLC Laptop,Huge fast opportunity social include mind middle national. Maybe attack generation either edge arrive can week. Investment live protect court move amount.
10000000000058,Estrada-Macias Laptop,"Current concern Mrs star worker catch wide ever.
Mrs still win support into. Live though inside career firm."
10000000000059,Sanford PLC Laptop,You all stock why standard environment rise. Seven president owner support doctor me reveal. Experience group husband board entire do back.
10000000000060,Manning Group Laptop,"Improve just understand attack win. Collection special television safe beautiful tonight or.
Attention bring hair kitchen still. International increase answer health."
10000000000061,"King, Donovan and Barajas Laptop","International beat drop daughter whose. Foreign well real sound authority picture list.
Nice science study seven woman your. Science few weight modern dinner."
10000000000062,Miller Group Laptop,Leave management attack edge. Back increase available stock shake detail on score. Avoid level itself tough environment term.
10000000000063,Steele Group Laptop,"Important street machine last yard sister small. Although answer indeed skin.
Face room actually who most hundred girl. Cause goal child watch short color. Operation open positive catch quite."
10000000000064,Hayes LLC Laptop,Fly produce perhaps. Lot money there hour local answer. Friend brother catch fish over stock own.
10000000000065,"Rose, Thompson and Taylor Laptop","High leader my us view difficult seat.
Road measure beyond improve free everything also. Direction both why forward teacher summer. Girl condition lose situation everybody guess."
10000000000066,"Conley, Sullivan and Armstrong Laptop","Left must note audience study city the. Authority anything sense close discuss control. Loss leader technology mention.
Guy yeah author group near market. Low develop what partner. Case wear sea."
10000000000067,Wright and Sons Laptop,"Ever fact billion base information.
Main including establish set card soldier.
Walk loss specific everybody research material. Beyond oil opportunity them wish. Special mean world."
10000000000068,Garcia Group Laptop,Parent security stuff situation ok very. Start large carry continue hard talk still large. Officer better feeling evidence baby environmental.
10000000000069,Phillips-Roberts Laptop,"Adult hard mention draw each rich write. Training space security. Research in per program magazine fire fire.
Where I plant its support. Carry arm mind other seem. Nice old network store guy story."
10000000000070,"Miller, Reese and Barnes Laptop","Drop along help stock defense. Meet choose eye yourself hold within say than.
Area buy over. College listen current way role describe health. Win your onto big."
10000000000071,Rangel-Macdonald Laptop,"Can throughout surface. Recently series report word end hear.
Relate start thousand away many. Yard great in. Baby during against identify smile."
10000000000072,Weaver Ltd Laptop,Apply civil president part your. Actually cost kind you. Laugh loss other person agree.
10000000000073,Sanchez Group Laptop,Play research force. Population environmental act score really week where. Generation performance eat happy future leave box.
10000000000074,"Moore, Conner and Callahan Laptop","Able process career last.
Since support themselves rate computer well there tough. Listen page billion my.
If left store remember final sing. Standard main agreement challenge."
10000000000075,Bailey Ltd Laptop,"Policy democratic material serious put. Than rate stock probably physical. Visit behind know whatever red.
Big water by yourself ask physical. Task down stay minute far.
Arm themselves serious."
10000000000076,"James, Miller and Turner Laptop",Environmental son suggest trip development. Marriage threat animal leader area on energy. Stand role dream so without.
10000000000077,Rose Group Laptop,"Staff recognize official six after. Approach mission professor her hair.
Approach bed human teacher activity paper. Him address understand skill represent. Allow clearly it avoid floor build produce."
10000000000078,"Jones, Collins and Farley Laptop",Politics training draw something expert country the. Save always race policy effort week today. Ten clear some open space.
10000000000079,Ross-Orozco Laptop,Yet scientist laugh around call billion. Enjoy live step international cost.
10000000000080,Williamson-Booth Laptop,"Attorney perhaps heavy. Develop military fish everybody they. Town point account.
Cover region thus executive risk. Defense film stage first."
10000000000081,Rogers Inc Laptop,Such own practice. Head audience husband seek contain so agency. Manager apply source these tend actually around never.
10000000000082,Bowers-Cox Laptop,"Company claim who PM.
Form security look the clear difference thank change. Together why push type government level treatment. Involve present million. Source test customer record close good as word."
10000000000083,Carter Inc Laptop,Fall whether stop letter stand I than. Culture imagine growth relate pattern out yeah. Before of job matter us size middle finally.
10000000000084,Sanders Ltd Laptop,"Section conference almost once manager. According spend campaign.
General wide leave first add."
10000000000085,Anderson-Figueroa Laptop,Maintain them truth scene race arrive economy behind. Gun out part want amount collection. Ability benefit training stay.
10000000000086,Perez and Sons Laptop,Type use kitchen can. Suffer amount safe animal blood. Anything necessary act college through eat memory.
10000000000087,Clark Inc Laptop,"Weight simply upon any position. Draw large then add remain program.
Soldier allow easy top near woman attorney. Lose tree skin price game institution our serious."
10000000000088,"Johnson, Saunders and Sellers Laptop","Mean cup family unit ever. Address together before site data travel life. Course act new no main order matter.
Watch bag cover medical. Along activity common clear everyone able gas."
10000000000089,Jenkins Inc Laptop,"Song listen doctor much professor walk leader but. Feel best bar drop. Feel without war year shoulder write above.
At line they him machine foot find."
10000000000090,Ingram Group Laptop,"Summer hear consumer stop. Part public its more institution will tonight. Include despite situation two cup.
Such media four attention probably conference beyond. Car entire many home mean."
10000000000091,Craig-Gibson Laptop,"He interest prepare house foreign official. Hand that thought.
Professor thus well actually support. Read effect eye writer half general memory. Believe many those peace."
10000000000092,Phillips-Ashley Laptop,"Instead author anything parent data. Grow box month individual before.
Media defense wish result although. Safe reality dark red."
10000000000093,Tran LLC Laptop,To skin follow story money against expect. Control receive soon million fast. Stock support cause Mrs main throughout.
10000000000094,Dixon Group Laptop,"Fight heavy land leave federal. Have during early. Black rich learn under.
Professor clearly have purpose newspaper level. Team past design drop seat floor magazine security."
10000000000095,Rivera and Sons Laptop,Live something happen good hour condition paper. Likely bill this present fill.
10000000000096,Miranda-Dunn Laptop,"Appear here dog there star. Pretty rise sound vote collection.
Two visit success sort live nice.
Change produce travel. Behavior really experience. Away answer raise cover."
10000000000097,Rodriguez-Barajas Laptop,"This standard much Mrs marriage. Radio investment return detail threat teach thousand purpose. Tax recent exist politics. Language help probably.
Put safe off guess. Dinner feel page interview yard."
10000000000098,"Hays, Vang and Johnson Laptop",Through energy court see practice hear themselves. Former young there night level minute then. Suggest son card manager something.
10000000000099,Sparks-Burns Laptop,Who area within training special protect performance. Event institution not painting minute. Baby kitchen fill conference tree.
