PublisherID,Name,PublicationYear
1,West-Parks,1971
2,"Nicholson, Chambers and White",2015
3,Brennan-Martinez,1991
4,Webb-Cook,1982
5,"Baldwin, Rivera and Chambers",1970
6,Turner PLC,1994
7,"Castro, Bentley and Oliver",1989
8,Weaver-Williams,2001
9,"Orr, Roberts and Montgomery",2019
10,"Mclaughlin, Gibson and Cardenas",2019
11,Jimenez-Mcintosh,1985
12,"Hernandez, Murphy and Barton",2011
13,Wilson-Freeman,1977
14,Rodriguez-Johnson,1977
15,George and Sons,1979
16,"Bolton, Thomas and Hill",2012
17,Hurley Ltd,1994
18,"Ortiz, Garza and Bush",1977
19,Glover Ltd,2011
20,"Pacheco, Carpenter and Shepherd",1970
21,Kelly Group,1995
22,"Peterson, Bradley and Wells",2014
23,"Johnson, Rodriguez and Johnson",2023
24,"Stewart, Jackson and Adams",1979
25,Williams and Sons,2006
26,"Cooke, Bradshaw and Gilbert",1996
27,"Cochran, Lee and Alexander",1989
28,Johnson Inc,2011
29,Matthews Inc,2016
30,Carroll PLC,1997
31,"Bautista, Cross and Proctor",2015
32,"Pearson, Bradley and Owens",2007
33,Sanford LLC,2022
34,Larson-Moreno,1998
35,Petty-Owens,1989
36,Martin-Terry,1974
37,Odom Ltd,1981
38,"Gutierrez, Harrison and Diaz",2017
39,"Rivera, Murray and Jackson",2013
40,Brown-Rodriguez,1976
41,Tanner-Jimenez,1979
42,Gallegos-Valdez,2017
43,Watson PLC,1980
44,Smith-Turner,2019
45,"Dennis, Kent and Wolfe",1996
46,Tran LLC,2014
47,"Mason, Jackson and Moore",2012
48,"Mills, Martin and Martinez",2023
49,Bond-Castillo,1981
50,"Pearson, Wood and Reid",1975
51,"Ford, Chavez and Johnson",2016
52,Houston PLC,2023
53,"Ferguson, Hardy and Maddox",2001
54,Reynolds-Wilson,2007
55,"Dominguez, Lopez and Obrien",2011
56,Tucker-Reed,2013
57,Lewis-Watson,1971
58,Stevens-Ford,1978
59,"Brown, Hartman and Santiago",1981
60,Mcfarland LLC,2017
61,Campbell PLC,1999
62,Garcia-Valencia,2001
63,Lewis LLC,1970
64,Stewart-Mayo,1996
65,Dean Inc,2010
66,"Colon, Hammond and Brady",2007
67,"Taylor, Chandler and Mahoney",1991
68,Jones Inc,1996
69,Turner-Parker,2022
70,Clark LLC,1993
71,Reyes-Fernandez,2010
72,"Barrett, Henry and Lewis",2018
73,Hickman Ltd,2018
74,"Mejia, Montes and Green",2023
75,"Hoover, Holt and Carlson",2001
76,"Harrell, Ellis and Goodwin",2017
77,Pace-Andrews,2022
78,Nguyen Group,2019
79,Mathis and Sons,2015
80,"Foster, Nunez and Barry",1972
81,Davis and Sons,1970
82,Walsh-Jenkins,1980
83,"Reeves, Young and Case",2011
84,Marquez Ltd,1983
85,Rogers Group,2008
86,Galvan-Wright,2017
87,Gibbs and Sons,1983
88,"Russell, Dougherty and Hughes",2000
89,"Buckley, Campos and Cohen",1987
90,Young Group,2008
91,Rosario and Sons,2013
92,Hayes PLC,2007
93,"Diaz, Reid and Raymond",2021
94,"Lopez, Jordan and Morales",1984
95,Brown Group,2018
96,Pugh PLC,1979
97,"Hess, Byrd and Barrera",2011
98,"Mccoy, Yates and Hart",2013
99,Grant-Rose,1996
100,Wood Ltd,2006
