SectionID,Name
1,streamline visionary synergies
2,facilitate B2C technologies
3,re-contextualize efficient architectures
4,facilitate leading-edge markets
5,generate mission-critical technologies
6,facilitate transparent systems
7,redefine dot-com architectures
8,whiteboard seamless e-business
9,grow leading-edge markets
10,revolutionize integrated ROI
11,enable efficient e-tailers
12,syndicate distributed initiatives
13,disintermediate value-added users
14,expedite integrated eyeballs
15,seize cutting-edge architectures
16,envisioneer user-centric portals
17,integrate customized networks
18,synthesize ubiquitous users
19,unleash frictionless markets
20,incentivize seamless ROI
21,monetize value-added platforms
22,visualize cross-platform partnerships
23,mesh enterprise markets
24,enhance 24/365 eyeballs
25,architect best-of-breed bandwidth
26,seize vertical communities
27,re-contextualize strategic e-tailers
28,mesh web-enabled networks
29,implement cross-platform convergence
30,target ubiquitous relationships
31,exploit out-of-the-box methodologies
32,enable killer applications
33,morph collaborative paradigms
34,re-contextualize killer deliverables
35,empower web-enabled info-mediaries
36,iterate impactful mindshare
37,brand real-time niches
38,envisioneer one-to-one paradigms
39,architect back-end e-tailers
40,reinvent strategic deliverables
41,synthesize 24/7 mindshare
42,enable transparent vortals
43,scale 24/7 niches
44,grow web-enabled bandwidth
45,monetize robust models
46,embrace innovative solutions
47,re-contextualize dynamic info-mediaries
48,scale scalable e-tailers
49,integrate cross-media metrics
50,revolutionize killer partnerships
51,morph collaborative schemas
52,synergize ubiquitous experiences
53,unleash web-enabled content
54,enable killer networks
55,streamline world-class technologies
56,drive best-of-breed content
57,enable cross-platform bandwidth
58,unleash B2C portals
59,synergize back-end relationships
60,engineer world-class content
61,synthesize robust deliverables
62,matrix mission-critical users
63,exploit magnetic markets
64,transition out-of-the-box interfaces
65,whiteboard frictionless e-business
66,visualize scalable applications
67,engage plug-and-play infrastructures
68,facilitate plug-and-play initiatives
69,deploy strategic web services
70,morph dynamic mindshare
71,incentivize seamless partnerships
72,synergize dynamic supply-chains
73,aggregate web-enabled info-mediaries
74,benchmark user-centric interfaces
75,aggregate enterprise methodologies
76,benchmark ubiquitous models
77,transition virtual e-tailers
78,utilize B2B interfaces
79,reinvent magnetic communities
80,unleash magnetic functionalities
81,utilize distributed paradigms
82,scale strategic content
83,visualize real-time paradigms
84,synergize distributed bandwidth
85,matrix ubiquitous models
86,generate web-enabled synergies
87,engage visionary action-items
88,enhance intuitive relationships
89,monetize seamless models
90,leverage leading-edge e-services
91,unleash vertical technologies
92,maximize 24/7 communities
93,strategize distributed e-markets
94,whiteboard granular applications
95,utilize back-end relationships
96,deliver cross-media supply-chains
97,disintermediate bleeding-edge initiatives
98,utilize enterprise channels
99,e-enable proactive e-commerce
100,engage open-source methodologies
