AuthorID,Author_F_Name,Author_L_Name
1,Kyle,Cox
2,Randy,Diaz
3,Ryan,Garza
4,Sean,Jones
5,Bryan,Richards
6,Carrie,Frazier
7,Stephanie,Bell
8,Mark,Hoffman
9,Andrea,Rosales
10,Jay,Ramirez
11,Samantha,Carlson
12,Lauren,Campbell
13,Chelsea,Anderson
14,Lindsey,Ramirez
15,Jennifer,James
16,Kathy,Nichols
17,Frederick,Wright
18,Gina,Andrade
19,Richard,Moore
20,Joshua,Williams
21,Cassandra,Jordan
22,Angela,Wolfe
23,Brian,Malone
24,Melissa,Butler
25,Steven,Hayes
26,Jeffrey,Ramos
27,Donald,Adams
28,Jason,Johnson
29,William,Skinner
30,Darlene,Browning
31,Carly,Harrison
32,David,Knight
33,Steven,Mccormick
34,Benjamin,Lamb
35,Timothy,Johnson
36,Susan,Boyd
37,James,Charles
38,Cory,Silva
39,Jennifer,Buckley
40,Paul,Holmes
41,Robert,Wang
42,David,Bauer
43,Justin,Hebert
44,Sarah,Rich
45,Brandy,Walker
46,Erica,Cisneros
47,Kelly,Bailey
48,David,Jackson
49,Victoria,Hahn
50,Thomas,Fuller
51,Gloria,Jones
52,Janet,Torres
53,Brittany,Fletcher
54,Julie,Shah
55,Elizabeth,Mcclure
56,Anthony,Ortega
57,Justin,Carr
58,Brian,Zuniga
59,Marcus,Thomas
60,Vanessa,Parker
61,Louis,Sexton
62,Jennifer,Cabrera
63,Wesley,Davis
64,Joseph,Schmidt
65,David,Martinez
66,Brianna,Zhang
67,Gary,Smith
68,Amber,Marshall
69,John,Greene
70,Allison,Johnson
71,Angela,Thomas
72,Anna,Chavez
73,Michael,Phillips
74,Melanie,Boyd
75,Evan,Johnson
76,Alexis,Patterson
77,Renee,Lawrence
78,Caleb,Richards
79,Sophia,Mcdowell
80,Mark,Bennett
81,Jason,Golden
82,Aaron,Hernandez
83,Patrick,Lester
84,Angela,Stanley
85,Justin,Moore
86,Matthew,Torres
87,Beth,Thomas
88,Lisa,White
89,Donald,Trujillo
90,Brianna,Ward
91,Kristen,Robinson
92,Alexis,Buchanan
93,Jessica,Sparks
94,Ethan,Bolton
95,Lisa,Garcia
96,Ronald,Franklin
97,Michelle,Rodgers
98,Jesse,Burns
99,Cody,Williams
100,Peter,Miller
