FacultyID,FacultyName,Department
1,"Hernandez, Wall and Young",Cytogeneticist
2,"Patrick, Johnson and Carter",Curator
3,Boone LLC,Chiropractor
4,Parrish-Richardson,Geochemist
5,Ellison-Cook,Financial trader
6,Ferguson-House,Farm manager
7,Black Group,Adult nurse
8,Salazar-Lindsey,Occupational hygienist
9,Zavala-Farrell,Patent attorney
10,Parker LLC,Dietitian
11,Hunt-Hendrix,Web designer
12,"Jones, Vargas and Campbell",Armed forces logistics/support/administrative officer
13,Austin-Hunter,Audiological scientist
14,"Sanders, Hughes and James",Pathologist
15,Williams PLC,"Engineer, site"
16,"Smith, Cox and Cooper",Structural engineer
17,Gibson PLC,English as a foreign language teacher
18,"Cooper, Lewis and Summers",Financial controller
19,Rogers Ltd,Private music teacher
20,Hernandez Group,Television floor manager
21,"Potts, Walker and Parker",Fish farm manager
22,Wright-Scott,"Therapist, nutritional"
23,Livingston Ltd,Travel agency manager
24,Francis-Wilson,Jewellery designer
25,Sullivan-Patel,Barrister's clerk
26,Brown-Collins,Secretary/administrator
27,Brooks-Martin,Ambulance person
28,Nguyen-Hall,"Teacher, music"
29,"Richmond, Jennings and Nelson",Applications developer
30,Powell Ltd,"Scientist, forensic"
31,"Ibarra, Figueroa and Kelley",Advertising art director
32,"Lam, Harris and Hoffman",Wellsite geologist
33,"Gutierrez, Montgomery and Hopkins",Speech and language therapist
34,Jackson and Sons,Veterinary surgeon
35,"Calderon, Morales and Romero",Nature conservation officer
36,"Osborne, Cooper and Beasley",Data scientist
37,Greene Group,Forensic psychologist
38,"Lopez, Cowan and Dawson","Engineer, materials"
39,Duran-Boyer,"Engineer, petroleum"
40,Walls Group,"Civil engineer, consulting"
41,Tyler-Moran,"Engineer, maintenance (IT)"
42,Davenport Inc,Press sub
43,Harris Ltd,Fish farm manager
44,Randall Inc,Banker
45,Nichols Inc,Musician
46,Thomas LLC,"Editor, magazine features"
47,Reyes-Vasquez,Sports administrator
48,Saunders PLC,Arts development officer
49,"Flores, Lucas and Gallegos",Occupational hygienist
50,Baker and Sons,General practice doctor
51,Cook Ltd,"Engineer, building services"
52,"Thomas, Wells and Wright",Heritage manager
53,"Smith, Parker and Farmer",Planning and development surveyor
54,Webb LLC,Hospital pharmacist
55,"Guzman, Young and York","Geneticist, molecular"
56,Martinez-Robbins,Counsellor
57,Marshall Inc,Contractor
58,"Garner, Green and Brown",Clinical embryologist
59,"Greer, Miller and Larson","Education officer, community"
60,Maldonado-Harrington,Risk manager
61,"Delacruz, Jones and Mills",Youth worker
62,Clark-Cooper,Economist
63,Esparza-Hernandez,Glass blower/designer
64,Powell-Campos,Occupational therapist
65,Washington PLC,Sales promotion account executive
66,Gray-Welch,Youth worker
67,Garcia-Anderson,Chartered management accountant
68,Flores-Clark,"Scientist, biomedical"
69,Perry-Frye,"Production assistant, television"
70,Sanchez Inc,Actor
71,Warner-Ross,"Designer, interior/spatial"
72,Lamb Group,Building surveyor
73,Lewis Inc,Youth worker
74,"Clark, Murray and Baker","Surveyor, hydrographic"
75,Ortega Inc,"Programmer, applications"
76,Bender-Boyle,Environmental manager
77,Smith-Olson,Higher education lecturer
78,Beck-Huff,Community pharmacist
79,Lyons-Arnold,Agricultural engineer
80,"Collins, Wise and Bennett",Mining engineer
81,Byrd LLC,Chief Strategy Officer
82,Kelley Group,Records manager
83,"Foster, Kennedy and Ramirez",Clinical biochemist
84,Peterson Group,Patent examiner
85,"Lane, Brewer and Erickson",Chief of Staff
86,Long-Fry,Actuary
87,"Pennington, Rowe and Diaz","Scientist, biomedical"
88,"Hamilton, Valdez and Price",IT technical support officer
89,Perry-Wheeler,"Engineer, chemical"
90,"Jones, Gibson and Everett","Investment banker, corporate"
91,"King, Love and Reed",Energy engineer
92,Price Ltd,"Engineer, water"
93,Guerrero-Walter,Engineering geologist
94,Parker-Lin,"Engineer, biomedical"
95,Ellis-Smith,"Radiographer, diagnostic"
96,Morris-Hogan,"Therapist, music"
97,Bryant and Sons,Financial trader
98,"Hernandez, Morris and Bradley",Research scientist (physical sciences)
99,"Hughes, Wyatt and Jones",Horticultural consultant
100,"Pollard, Phelps and Anderson",Contracting civil engineer
